mean_fit_time,std_fit_time,mean_score_time,std_score_time,param_bootstrap,param_max_depth,param_max_features,param_min_samples_leaf,param_min_samples_split,param_n_estimators,params,split0_test_score,split1_test_score,split2_test_score,split3_test_score,split4_test_score,split5_test_score,split6_test_score,split7_test_score,split8_test_score,split9_test_score,mean_test_score,std_test_score,rank_test_score
0.003572702407836914,0.0024440749933139078,0.0,0.0,True,5,,1,1,50,"{'bootstrap': True, 'max_depth': 5, 'max_features': None, 'min_samples_leaf': 1, 'min_samples_split': 1, 'n_estimators': 50}",,,,,,,,,,,,,73
0.0032080888748168947,0.0013188767492881377,0.0,0.0,True,5,,1,1,100,"{'bootstrap': True, 'max_depth': 5, 'max_features': None, 'min_samples_leaf': 1, 'min_samples_split': 1, 'n_estimators': 100}",,,,,,,,,,,,,73
0.003000044822692871,0.0009502242114025182,0.0,0.0,True,5,,1,1,200,"{'bootstrap': True, 'max_depth': 5, 'max_features': None, 'min_samples_leaf': 1, 'min_samples_split': 1, 'n_estimators': 200}",,,,,,,,,,,,,73
0.0028902292251586914,0.0005400162948385155,0.0,0.0,True,5,,1,1,500,"{'bootstrap': True, 'max_depth': 5, 'max_features': None, 'min_samples_leaf': 1, 'min_samples_split': 1, 'n_estimators': 500}",,,,,,,,,,,,,73
1.7918631792068482,0.3596930166983745,0.011667346954345703,0.00157443043664165,True,5,,1,2,50,"{'bootstrap': True, 'max_depth': 5, 'max_features': None, 'min_samples_leaf': 1, 'min_samples_split': 2, 'n_estimators': 50}",-12750.137256343744,-13029.883506837976,-12414.478075302975,-12190.081401168853,-12784.640993914592,-12445.653733317766,-12879.660680774845,-12374.353362768516,-12960.467637853291,-12138.532949372631,-12596.78895976552,306.53219803194264,72
3.2561905860900877,0.38302039660183895,0.020787692070007323,0.0029039374839495017,True,5,,1,2,100,"{'bootstrap': True, 'max_depth': 5, 'max_features': None, 'min_samples_leaf': 1, 'min_samples_split': 2, 'n_estimators': 100}",-12731.286816735097,-13003.673475223477,-12474.094001678552,-12161.265565724345,-12789.375893225984,-12448.957504364014,-12840.9771237917,-12407.08335622107,-12969.062977078802,-12129.355872940301,-12595.513258698335,300.0007773409662,71
6.606448006629944,0.592228463448924,0.041606473922729495,0.005921547907852451,True,5,,1,2,200,"{'bootstrap': True, 'max_depth': 5, 'max_features': None, 'min_samples_leaf': 1, 'min_samples_split': 2, 'n_estimators': 200}",-12713.101783787328,-13045.676795324649,-12473.633332252071,-12155.675693525509,-12776.393313751856,-12449.517374979798,-12813.878883401989,-12360.34859586229,-12962.839465108715,-12132.474197810845,-12588.353943580505,305.0615649536987,64
16.360198783874512,0.3966725503455743,0.10527272224426269,0.0222772183225045,True,5,,1,2,500,"{'bootstrap': True, 'max_depth': 5, 'max_features': None, 'min_samples_leaf': 1, 'min_samples_split': 2, 'n_estimators': 500}",-12702.93133877594,-13022.47380449877,-12458.115580332213,-12171.218384145786,-12752.761670635653,-12452.446373191824,-12810.84716990921,-12357.648927209415,-12951.424245080823,-12103.295848902158,-12578.316334268178,301.14362206806913,50
1.6942095756530762,0.2817890974660227,0.012062406539916993,0.0021796047835451267,True,5,,1,5,50,"{'bootstrap': True, 'max_depth': 5, 'max_features': None, 'min_samples_leaf': 1, 'min_samples_split': 5, 'n_estimators': 50}",-12654.409458414397,-13024.904450649823,-12476.756538166323,-12126.693404493311,-12785.569720221049,-12453.610864262559,-12819.250570670143,-12377.845525937391,-12970.74549124419,-12141.312386483733,-12583.10984105429,303.4790536710861,57
3.221959447860718,0.37210725847310405,0.0204317569732666,0.0007593896208489073,True,5,,1,5,100,"{'bootstrap': True, 'max_depth': 5, 'max_features': None, 'min_samples_leaf': 1, 'min_samples_split': 5, 'n_estimators': 100}",-12754.882399423162,-13002.763705526635,-12439.988683235983,-12160.801434747602,-12744.387069797798,-12454.212129311427,-12825.337021675003,-12351.257076830032,-12971.458120797546,-12136.446843548681,-12584.153448489385,301.63044244518574,58
6.516416835784912,0.48856682857236,0.03867514133453369,0.002083188007276068,True,5,,1,5,200,"{'bootstrap': True, 'max_depth': 5, 'max_features': None, 'min_samples_leaf': 1, 'min_samples_split': 5, 'n_estimators': 200}",-12719.636674967329,-13016.328465588007,-12432.795032036112,-12171.461945910442,-12777.194939691544,-12451.800293070846,-12819.543174165696,-12364.422831404372,-12947.845043638452,-12102.644510111251,-12580.367291058405,303.44784114336545,52
16.295679330825806,0.31350433295544955,0.10109200477600097,0.016845382595881208,True,5,,1,5,500,"{'bootstrap': True, 'max_depth': 5, 'max_features': None, 'min_samples_leaf': 1, 'min_samples_split': 5, 'n_estimators': 500}",-12706.59543238834,-13019.798613122812,-12455.169854567574,-12170.453438628962,-12746.821443860701,-12451.473049927961,-12810.335610925493,-12378.396920214896,-12956.327923529612,-12109.640082586955,-12580.50123697533,298.9424169908934,53
0.0023129940032958984,9.563516942565229e-05,0.0,0.0,True,5,,2,1,50,"{'bootstrap': True, 'max_depth': 5, 'max_features': None, 'min_samples_leaf': 2, 'min_samples_split': 1, 'n_estimators': 50}",,,,,,,,,,,,,73
0.002353262901306152,0.00012042121204586865,0.0,0.0,True,5,,2,1,100,"{'bootstrap': True, 'max_depth': 5, 'max_features': None, 'min_samples_leaf': 2, 'min_samples_split': 1, 'n_estimators': 100}",,,,,,,,,,,,,73
0.0022791147232055662,0.0001779495343113745,0.0,0.0,True,5,,2,1,200,"{'bootstrap': True, 'max_depth': 5, 'max_features': None, 'min_samples_leaf': 2, 'min_samples_split': 1, 'n_estimators': 200}",,,,,,,,,,,,,73
0.0025937795639038087,0.0006559325866705124,0.0,0.0,True,5,,2,1,500,"{'bootstrap': True, 'max_depth': 5, 'max_features': None, 'min_samples_leaf': 2, 'min_samples_split': 1, 'n_estimators': 500}",,,,,,,,,,,,,73
1.6054166316986085,0.22831254485950478,0.01172013282775879,0.0022158816441197678,True,5,,2,2,50,"{'bootstrap': True, 'max_depth': 5, 'max_features': None, 'min_samples_leaf': 2, 'min_samples_split': 2, 'n_estimators': 50}",-12683.293539947275,-13022.134027189022,-12469.175044568812,-12210.151216156984,-12784.58630263103,-12456.607449313879,-12822.906712476959,-12409.374516386382,-12957.604648607283,-12096.423122148743,-12591.225657942638,295.9040493036993,69
3.5501049041748045,0.6609236051290485,0.023512434959411622,0.005972743848839396,True,5,,2,2,100,"{'bootstrap': True, 'max_depth': 5, 'max_features': None, 'min_samples_leaf': 2, 'min_samples_split': 2, 'n_estimators': 100}",-12738.067269423425,-13001.706619762892,-12477.093431276106,-12192.426893350084,-12773.351271562538,-12439.233243611765,-12836.424723315113,-12368.834940726805,-12951.486117251434,-12122.244261107537,-12590.08687713877,296.2589282197278,66
6.423713970184326,0.15753182465729237,0.045259404182434085,0.007282004956535492,True,5,,2,2,200,"{'bootstrap': True, 'max_depth': 5, 'max_features': None, 'min_samples_leaf': 2, 'min_samples_split': 2, 'n_estimators': 200}",-12711.349991572228,-13007.947472066295,-12447.375452675175,-12154.304594411304,-12766.861548312798,-12443.812985741737,-12813.784433083918,-12372.103046656332,-12957.619556438605,-12116.952610850125,-12579.211169180851,301.254268839725,51
16.076131558418275,0.40237731733950005,0.09876625537872315,0.01483689416478264,True,5,,2,2,500,"{'bootstrap': True, 'max_depth': 5, 'max_features': None, 'min_samples_leaf': 2, 'min_samples_split': 2, 'n_estimators': 500}",-12712.015280255438,-13013.686087603772,-12438.239798036628,-12160.577297120626,-12749.682938514521,-12445.886499377837,-12815.61492689627,-12364.846281923437,-12963.035400089779,-12107.678826896945,-12577.126333671526,303.2866780631142,49
1.5871468305587768,0.18412561847565875,0.011055970191955566,0.001298670519456237,True,5,,2,5,50,"{'bootstrap': True, 'max_depth': 5, 'max_features': None, 'min_samples_leaf': 2, 'min_samples_split': 5, 'n_estimators': 50}",-12681.471702776606,-13027.671913419204,-12467.45462698427,-12212.590027709773,-12766.933789918223,-12467.261138499382,-12799.83029115366,-12386.814330517362,-12984.800653792096,-12142.077731797624,-12593.69062065682,290.76256655912323,70
3.1882803678512572,0.38326407206720003,0.021250581741333006,0.0030272497382859633,True,5,,2,5,100,"{'bootstrap': True, 'max_depth': 5, 'max_features': None, 'min_samples_leaf': 2, 'min_samples_split': 5, 'n_estimators': 100}",-12715.58542765435,-12988.16788887009,-12464.836296699737,-12179.295743731629,-12772.941440110508,-12482.44501182701,-12854.802379818679,-12373.754190322681,-12952.510556840381,-12071.493926118288,-12585.583286199335,303.4203159848392,59
6.429717946052551,0.3436207071920631,0.04883882999420166,0.01004372720860269,True,5,,2,5,200,"{'bootstrap': True, 'max_depth': 5, 'max_features': None, 'min_samples_leaf': 2, 'min_samples_split': 5, 'n_estimators': 200}",-12720.9379966007,-13014.202732577878,-12470.422116435546,-12134.747140838652,-12756.914230856806,-12449.039139367374,-12810.920152661678,-12376.135104297076,-12963.210738001582,-12110.829947408243,-12580.735929904553,304.7872946441027,54
16.040172386169434,0.29537500044521825,0.10327982902526855,0.015148247896755763,True,5,,2,5,500,"{'bootstrap': True, 'max_depth': 5, 'max_features': None, 'min_samples_leaf': 2, 'min_samples_split': 5, 'n_estimators': 500}",-12708.248106371495,-13003.815255378537,-12466.922510294326,-12171.437409036911,-12761.479222838077,-12439.155285583549,-12823.348626493536,-12367.549031402668,-12962.808561063406,-12109.128131882115,-12581.389214034461,300.19096893797195,55
0.0024757146835327148,0.00018857560579732202,0.0,0.0,True,5,,4,1,50,"{'bootstrap': True, 'max_depth': 5, 'max_features': None, 'min_samples_leaf': 4, 'min_samples_split': 1, 'n_estimators': 50}",,,,,,,,,,,,,73
0.0023676395416259766,4.1395288049044374e-05,0.0,0.0,True,5,,4,1,100,"{'bootstrap': True, 'max_depth': 5, 'max_features': None, 'min_samples_leaf': 4, 'min_samples_split': 1, 'n_estimators': 100}",,,,,,,,,,,,,73
0.0023180484771728516,8.345755095230644e-05,0.0,0.0,True,5,,4,1,200,"{'bootstrap': True, 'max_depth': 5, 'max_features': None, 'min_samples_leaf': 4, 'min_samples_split': 1, 'n_estimators': 200}",,,,,,,,,,,,,73
0.0023511409759521484,3.4382769751504586e-05,0.0,0.0,True,5,,4,1,500,"{'bootstrap': True, 'max_depth': 5, 'max_features': None, 'min_samples_leaf': 4, 'min_samples_split': 1, 'n_estimators': 500}",,,,,,,,,,,,,73
1.6262981414794921,0.2496295530481188,0.011298489570617676,0.0012973000414929455,True,5,,4,2,50,"{'bootstrap': True, 'max_depth': 5, 'max_features': None, 'min_samples_leaf': 4, 'min_samples_split': 2, 'n_estimators': 50}",-12707.313286118704,-13019.795849057005,-12478.794574205684,-12175.601748047797,-12740.15039033971,-12462.946655149995,-12823.465335082588,-12372.283803801387,-12989.28835006741,-12136.714596190648,-12590.635458806093,298.00475492349403,67
3.315898370742798,0.4375289653188635,0.019606947898864746,0.0007339402603032795,True,5,,4,2,100,"{'bootstrap': True, 'max_depth': 5, 'max_features': None, 'min_samples_leaf': 4, 'min_samples_split': 2, 'n_estimators': 100}",-12733.63836417236,-13058.761365624607,-12444.083175408043,-12188.740564234571,-12759.424691631957,-12464.33969251906,-12803.475988929416,-12370.574413945084,-12955.243134776607,-12096.470033741522,-12587.475142498322,306.2344694465945,62
6.499003839492798,0.2545124300360728,0.048251223564147946,0.008364566048470279,True,5,,4,2,200,"{'bootstrap': True, 'max_depth': 5, 'max_features': None, 'min_samples_leaf': 4, 'min_samples_split': 2, 'n_estimators': 200}",-12725.259334524852,-13011.753794955734,-12448.860216604568,-12160.351151783158,-12759.32404148214,-12466.52174169952,-12832.286867025881,-12384.78832159493,-12960.341973860635,-12120.045579909181,-12586.953302344058,300.55610182630926,61
16.271560931205748,0.41648450107105967,0.10186011791229248,0.013812157547433016,True,5,,4,2,500,"{'bootstrap': True, 'max_depth': 5, 'max_features': None, 'min_samples_leaf': 4, 'min_samples_split': 2, 'n_estimators': 500}",-12720.855097874944,-13028.192545661017,-12434.335541445704,-12191.432956156023,-12766.462593579356,-12463.734879928712,-12823.04851456134,-12371.259626946516,-12953.87400234991,-12110.00071651457,-12586.319647501809,300.68786407469554,60
1.6224571943283081,0.19834719809999968,0.011836647987365723,0.0015768536061317704,True,5,,4,5,50,"{'bootstrap': True, 'max_depth': 5, 'max_features': None, 'min_samples_leaf': 4, 'min_samples_split': 5, 'n_estimators': 50}",-12723.190400829579,-13019.468938288208,-12463.624705243688,-12150.413146924046,-12753.534167984068,-12460.472191008705,-12865.97618424455,-12385.87669825697,-12990.241164882762,-12097.628925156972,-12591.042652281954,312.30626258617866,68
3.3230581998825075,0.3783730163678156,0.021678805351257324,0.0034935500726245385,True,5,,4,5,100,"{'bootstrap': True, 'max_depth': 5, 'max_features': None, 'min_samples_leaf': 4, 'min_samples_split': 5, 'n_estimators': 100}",-12741.665798226064,-13019.51689031817,-12430.217917141601,-12164.672155329188,-12785.607720866357,-12464.429736547567,-12834.330613834445,-12390.2583188598,-12942.554207844996,-12112.328323436192,-12588.558168240437,303.313325410336,65
6.543862080574035,0.4730862818591285,0.038965368270874025,0.0012348159213169375,True,5,,4,5,200,"{'bootstrap': True, 'max_depth': 5, 'max_features': None, 'min_samples_leaf': 4, 'min_samples_split': 5, 'n_estimators': 200}",-12726.263988630937,-13008.43743594063,-12437.834737560059,-12186.078785523221,-12771.292827973542,-12457.053332621143,-12839.562551758652,-12389.711459026325,-12964.453119348926,-12102.38399158746,-12588.30722299709,301.804424260139,63
16.20688166618347,0.394982164474044,0.10176725387573242,0.01547891208203306,True,5,,4,5,500,"{'bootstrap': True, 'max_depth': 5, 'max_features': None, 'min_samples_leaf': 4, 'min_samples_split': 5, 'n_estimators': 500}",-12719.190169067242,-13012.196142388784,-12430.162063742522,-12167.858810728145,-12773.66873350686,-12462.20528389122,-12824.1296432841,-12367.103212498561,-12951.822257181322,-12108.84938426083,-12581.71857005496,302.4883192543576,56
0.0022797346115112304,7.660396366964689e-05,0.0,0.0,True,7,,1,1,50,"{'bootstrap': True, 'max_depth': 7, 'max_features': None, 'min_samples_leaf': 1, 'min_samples_split': 1, 'n_estimators': 50}",,,,,,,,,,,,,73
0.002274322509765625,4.2788237849900926e-05,0.0,0.0,True,7,,1,1,100,"{'bootstrap': True, 'max_depth': 7, 'max_features': None, 'min_samples_leaf': 1, 'min_samples_split': 1, 'n_estimators': 100}",,,,,,,,,,,,,73
0.002240300178527832,3.5421050002317796e-05,0.0,0.0,True,7,,1,1,200,"{'bootstrap': True, 'max_depth': 7, 'max_features': None, 'min_samples_leaf': 1, 'min_samples_split': 1, 'n_estimators': 200}",,,,,,,,,,,,,73
0.0022096633911132812,4.515914747979267e-05,0.0,0.0,True,7,,1,1,500,"{'bootstrap': True, 'max_depth': 7, 'max_features': None, 'min_samples_leaf': 1, 'min_samples_split': 1, 'n_estimators': 500}",,,,,,,,,,,,,73
2.0247845888137816,0.260043979567133,0.012913203239440918,0.0014415881919894126,True,7,,1,2,50,"{'bootstrap': True, 'max_depth': 7, 'max_features': None, 'min_samples_leaf': 1, 'min_samples_split': 2, 'n_estimators': 50}",-11789.657071475895,-12104.146123759758,-11374.627425522656,-11212.509088209596,-11805.157594684964,-11547.646901186188,-11948.71353247585,-11616.778459432653,-12110.642609446284,-11199.726008322092,-11670.960481451593,320.68824373088745,48
4.202092456817627,0.39213912217115743,0.026418399810791016,0.005126998976687982,True,7,,1,2,100,"{'bootstrap': True, 'max_depth': 7, 'max_features': None, 'min_samples_leaf': 1, 'min_samples_split': 2, 'n_estimators': 100}",-11792.605201719263,-12071.126240477171,-11404.338261044895,-11245.738411420854,-11750.145914042976,-11542.138171170762,-11916.587711612145,-11504.288672372382,-12008.17595424089,-11160.28007988158,-11639.54246179829,300.4075342708742,34
8.300794196128845,0.37132612764379336,0.04979393482208252,0.0055603030079957256,True,7,,1,2,200,"{'bootstrap': True, 'max_depth': 7, 'max_features': None, 'min_samples_leaf': 1, 'min_samples_split': 2, 'n_estimators': 200}",-11767.701220767354,-12004.398898610507,-11369.737777874403,-11191.30892788837,-11720.625534417402,-11535.85671739166,-11935.209527942608,-11498.119208760394,-12049.165711709911,-11193.409723924504,-11626.553324928711,302.1813948670428,27
20.696668314933778,0.46442339032391605,0.1215540885925293,0.013080495781881545,True,7,,1,2,500,"{'bootstrap': True, 'max_depth': 7, 'max_features': None, 'min_samples_leaf': 1, 'min_samples_split': 2, 'n_estimators': 500}",-11775.501626066829,-12025.590665486614,-11362.599531379125,-11199.602569676363,-11733.897968313664,-11525.294879497258,-11916.581570891893,-11519.098099073391,-12009.741007815328,-11178.817583660219,-11624.67255018607,299.6796328673161,25
2.11628897190094,0.2623909866149517,0.013430547714233399,0.001571248034873466,True,7,,1,5,50,"{'bootstrap': True, 'max_depth': 7, 'max_features': None, 'min_samples_leaf': 1, 'min_samples_split': 5, 'n_estimators': 50}",-11708.384786595192,-12067.935204998223,-11446.73344595561,-11289.868990790053,-11787.399314741404,-11526.866280703896,-11934.680743718336,-11565.743868116151,-12070.412686610473,-11159.447889685618,-11655.747321191495,298.04879529728476,42
4.138819241523743,0.42482812656863894,0.025133705139160155,0.003948191719880126,True,7,,1,5,100,"{'bootstrap': True, 'max_depth': 7, 'max_features': None, 'min_samples_leaf': 1, 'min_samples_split': 5, 'n_estimators': 100}",-11791.086692759793,-12053.304857554038,-11398.729366682743,-11225.671028571553,-11769.247673052163,-11524.434780896754,-11908.626548292563,-11503.111219045008,-12076.749514828143,-11188.846800142535,-11643.98084818253,306.3687365984895,35
8.370183038711549,0.3193240698731766,0.051447510719299316,0.007828143929763075,True,7,,1,5,200,"{'bootstrap': True, 'max_depth': 7, 'max_features': None, 'min_samples_leaf': 1, 'min_samples_split': 5, 'n_estimators': 200}",-11770.483279018561,-12064.029123084287,-11406.40208503061,-11236.905207775526,-11729.86290159749,-11512.46233907749,-11913.08567848868,-11519.875582401903,-12062.164142839718,-11167.38008395871,-11638.265042327297,304.7603793173947,32
20.74892771244049,0.4224913580258879,0.11885275840759277,0.011127461950824348,True,7,,1,5,500,"{'bootstrap': True, 'max_depth': 7, 'max_features': None, 'min_samples_leaf': 1, 'min_samples_split': 5, 'n_estimators': 500}",-11748.64915050114,-12062.89200235912,-11371.896735035272,-11222.647274670217,-11757.826698168923,-11513.179402065889,-11911.929327932648,-11502.88134821277,-12031.481819113646,-11195.599137915902,-11631.898289597553,301.58123023683726,30
0.002390003204345703,9.251238125269577e-05,0.0,0.0,True,7,,2,1,50,"{'bootstrap': True, 'max_depth': 7, 'max_features': None, 'min_samples_leaf': 2, 'min_samples_split': 1, 'n_estimators': 50}",,,,,,,,,,,,,73
0.0030637264251708986,0.0015971090833628461,0.0,0.0,True,7,,2,1,100,"{'bootstrap': True, 'max_depth': 7, 'max_features': None, 'min_samples_leaf': 2, 'min_samples_split': 1, 'n_estimators': 100}",,,,,,,,,,,,,73
0.0023606061935424806,0.0003089292755928331,0.0,0.0,True,7,,2,1,200,"{'bootstrap': True, 'max_depth': 7, 'max_features': None, 'min_samples_leaf': 2, 'min_samples_split': 1, 'n_estimators': 200}",,,,,,,,,,,,,73
0.002273225784301758,6.844234606746194e-05,0.0,0.0,True,7,,2,1,500,"{'bootstrap': True, 'max_depth': 7, 'max_features': None, 'min_samples_leaf': 2, 'min_samples_split': 1, 'n_estimators': 500}",,,,,,,,,,,,,73
2.119771862030029,0.32348568789780674,0.013547539710998535,0.0018804088153654313,True,7,,2,2,50,"{'bootstrap': True, 'max_depth': 7, 'max_features': None, 'min_samples_leaf': 2, 'min_samples_split': 2, 'n_estimators': 50}",-11815.130800489009,-12084.29132480309,-11360.891986538443,-11202.73508417244,-11751.85778553149,-11549.98579619324,-11977.688429755606,-11549.40106678655,-12016.421279005246,-11202.631840906413,-11651.10353941815,311.7330318925628,39
4.1470900774002075,0.4419327352440167,0.024457836151123048,0.0019504348241686281,True,7,,2,2,100,"{'bootstrap': True, 'max_depth': 7, 'max_features': None, 'min_samples_leaf': 2, 'min_samples_split': 2, 'n_estimators': 100}",-11767.464753775861,-12001.286848301921,-11422.281765356507,-11198.4336261839,-11696.609304559182,-11545.607206350194,-11886.785807796301,-11489.732636348674,-12045.228596392684,-11210.649011702193,-11626.407955676741,288.3506061298244,26
8.322971105575562,0.381973982779223,0.04937224388122559,0.004445152718121773,True,7,,2,2,200,"{'bootstrap': True, 'max_depth': 7, 'max_features': None, 'min_samples_leaf': 2, 'min_samples_split': 2, 'n_estimators': 200}",-11742.447173830555,-12073.698031144002,-11401.617677092834,-11211.161828745053,-11739.984475998612,-11540.977882004345,-11916.393245469388,-11528.413557954867,-12001.509766997238,-11168.029822547795,-11632.423346178468,300.13927655902705,31
20.70018599033356,0.39697017240326826,0.11977205276489258,0.014390764420643111,True,7,,2,2,500,"{'bootstrap': True, 'max_depth': 7, 'max_features': None, 'min_samples_leaf': 2, 'min_samples_split': 2, 'n_estimators': 500}",-11762.188032271833,-12049.183860781193,-11411.321582193374,-11196.504754109104,-11745.807433469341,-11509.09583657869,-11921.060208148392,-11513.543527450554,-12019.864692705734,-11166.505964263233,-11629.507589197145,303.6533009672801,28
2.034172463417053,0.2512783523754084,0.013910675048828125,0.0017462047416468244,True,7,,2,5,50,"{'bootstrap': True, 'max_depth': 7, 'max_features': None, 'min_samples_leaf': 2, 'min_samples_split': 5, 'n_estimators': 50}",-11837.54496883952,-12034.45993493757,-11531.711131717528,-11160.378616254848,-11775.596202662098,-11580.935535924678,-11955.684708370554,-11509.734378049774,-12035.10373045771,-11192.934255171243,-11661.40834623855,304.3482017874314,45
4.2313508033752445,0.4655530844184263,0.023387622833251954,0.0006706456187205215,True,7,,2,5,100,"{'bootstrap': True, 'max_depth': 7, 'max_features': None, 'min_samples_leaf': 2, 'min_samples_split': 5, 'n_estimators': 100}",-11800.608391508553,-12053.515729125736,-11470.999017850625,-11180.64017367328,-11745.600609475148,-11531.547539718951,-11947.336136962167,-11567.249982148622,-12025.886246809036,-11192.584516474873,-11651.5968343747,301.1259755334476,40
8.247955656051635,0.39713182142274117,0.0512937068939209,0.006638386422562488,True,7,,2,5,200,"{'bootstrap': True, 'max_depth': 7, 'max_features': None, 'min_samples_leaf': 2, 'min_samples_split': 5, 'n_estimators': 200}",-11754.498588084538,-12028.312440542337,-11437.876100962589,-11180.297194010978,-11749.508733505078,-11546.59833507052,-11952.563867455614,-11541.8178152403,-12015.752412748685,-11185.832694513325,-11639.305818213397,298.59373119575105,33
20.804638719558717,0.39724297301933353,0.1155472993850708,0.01269036205960249,True,7,,2,5,500,"{'bootstrap': True, 'max_depth': 7, 'max_features': None, 'min_samples_leaf': 2, 'min_samples_split': 5, 'n_estimators': 500}",-11758.463239521512,-12054.275862634795,-11388.927786764267,-11191.728150543944,-11730.620406001412,-11535.45791055899,-11934.467993406559,-11509.519501880022,-12026.114182824727,-11181.821384649287,-11631.139641878553,305.08152173072574,29
0.0025313138961791993,3.584636617483054e-05,0.0,0.0,True,7,,4,1,50,"{'bootstrap': True, 'max_depth': 7, 'max_features': None, 'min_samples_leaf': 4, 'min_samples_split': 1, 'n_estimators': 50}",,,,,,,,,,,,,73
0.0025970935821533203,7.061497881276084e-05,0.0,0.0,True,7,,4,1,100,"{'bootstrap': True, 'max_depth': 7, 'max_features': None, 'min_samples_leaf': 4, 'min_samples_split': 1, 'n_estimators': 100}",,,,,,,,,,,,,73
0.002567625045776367,4.965638022531329e-05,0.0,0.0,True,7,,4,1,200,"{'bootstrap': True, 'max_depth': 7, 'max_features': None, 'min_samples_leaf': 4, 'min_samples_split': 1, 'n_estimators': 200}",,,,,,,,,,,,,73
0.0025853872299194335,6.303567655291282e-05,0.0,0.0,True,7,,4,1,500,"{'bootstrap': True, 'max_depth': 7, 'max_features': None, 'min_samples_leaf': 4, 'min_samples_split': 1, 'n_estimators': 500}",,,,,,,,,,,,,73
2.0843395233154296,0.25693292645990257,0.013256311416625977,0.0012489981699619942,True,7,,4,2,50,"{'bootstrap': True, 'max_depth': 7, 'max_features': None, 'min_samples_leaf': 4, 'min_samples_split': 2, 'n_estimators': 50}",-11792.909806561685,-12090.21133201153,-11432.766172229118,-11204.651851823342,-11773.330028646944,-11546.721787549663,-11914.394865487422,-11479.203233636226,-12025.696863717973,-11213.47743070647,-11647.336337237037,302.7072414068838,38
4.129162001609802,0.4008195471782096,0.02600405216217041,0.0048251572979595,True,7,,4,2,100,"{'bootstrap': True, 'max_depth': 7, 'max_features': None, 'min_samples_leaf': 4, 'min_samples_split': 2, 'n_estimators': 100}",-11833.220668430162,-12057.86274461243,-11433.202507653821,-11279.643738700785,-11793.504825101734,-11597.44941953033,-11922.766034410355,-11575.809985436183,-12013.694793399623,-11197.302707111407,-11670.445742438682,286.42204328123546,47
8.346872138977051,0.4367178900559565,0.04696381092071533,0.0023522666136596253,True,7,,4,2,200,"{'bootstrap': True, 'max_depth': 7, 'max_features': None, 'min_samples_leaf': 4, 'min_samples_split': 2, 'n_estimators': 200}",-11811.993325837058,-12086.868006644545,-11395.184138604489,-11272.637536687775,-11753.964386247148,-11596.713634724812,-11920.4916303154,-11538.922625307774,-12031.047419663917,-11161.876124374194,-11656.96988284071,301.090890209697,43
20.848798751831055,0.43733692780146777,0.12808051109313964,0.02146984364645567,True,7,,4,2,500,"{'bootstrap': True, 'max_depth': 7, 'max_features': None, 'min_samples_leaf': 4, 'min_samples_split': 2, 'n_estimators': 500}",-11784.8818165367,-12060.791113866364,-11384.70741803801,-11232.352221538451,-11772.395773008806,-11556.632041240318,-11942.194992496567,-11530.246687006558,-12010.558499234803,-11191.429839371322,-11646.619040233789,299.2230020984582,37
2.141335606575012,0.31767661043918277,0.013610005378723145,0.002436199681306379,True,7,,4,5,50,"{'bootstrap': True, 'max_depth': 7, 'max_features': None, 'min_samples_leaf': 4, 'min_samples_split': 5, 'n_estimators': 50}",-11813.099524899904,-12097.42995174051,-11410.059129319996,-11318.960914540821,-11726.32060779103,-11564.385800986262,-11925.44202436915,-11608.763810789222,-12037.406941860874,-11173.391754347196,-11667.526046064495,293.06054120551033,46
4.148104405403137,0.4474315541226567,0.024141931533813478,0.0014741160623216417,True,7,,4,5,100,"{'bootstrap': True, 'max_depth': 7, 'max_features': None, 'min_samples_leaf': 4, 'min_samples_split': 5, 'n_estimators': 100}",-11820.929076911747,-12056.202713720902,-11363.60151007955,-11267.211870587369,-11789.21444792995,-11558.663075501572,-11954.697813473036,-11554.919276570898,-12028.706695092129,-11212.12921181392,-11660.627569168108,297.72345802748845,44
8.348582220077514,0.39308477999799635,0.05263807773590088,0.005907904429648146,True,7,,4,5,200,"{'bootstrap': True, 'max_depth': 7, 'max_features': None, 'min_samples_leaf': 4, 'min_samples_split': 5, 'n_estimators': 200}",-11821.578831384126,-12057.271962366098,-11400.183053457531,-11246.26097809379,-11755.812026314821,-11553.141178202639,-11941.120811882864,-11551.356783897152,-12018.911062051482,-11177.696473640628,-11652.333316129112,299.14789450026217,41
20.868397808074953,0.5580981610874105,0.12256317138671875,0.02136710136303584,True,7,,4,5,500,"{'bootstrap': True, 'max_depth': 7, 'max_features': None, 'min_samples_leaf': 4, 'min_samples_split': 5, 'n_estimators': 500}",-11805.66011348707,-12068.087777934004,-11383.989474249043,-11249.863588682174,-11756.151664373943,-11564.924112020328,-11926.872756177227,-11513.861036939039,-12005.989654479063,-11182.379332608101,-11645.777951095,298.13018919612796,36
0.002440667152404785,0.000320037908678031,0.0,0.0,True,,,1,1,50,"{'bootstrap': True, 'max_depth': None, 'max_features': None, 'min_samples_leaf': 1, 'min_samples_split': 1, 'n_estimators': 50}",,,,,,,,,,,,,73
0.0026285648345947266,0.0006764914996646905,0.0,0.0,True,,,1,1,100,"{'bootstrap': True, 'max_depth': None, 'max_features': None, 'min_samples_leaf': 1, 'min_samples_split': 1, 'n_estimators': 100}",,,,,,,,,,,,,73
0.002252531051635742,3.656330615635086e-05,0.0,0.0,True,,,1,1,200,"{'bootstrap': True, 'max_depth': None, 'max_features': None, 'min_samples_leaf': 1, 'min_samples_split': 1, 'n_estimators': 200}",,,,,,,,,,,,,73
0.0021987676620483397,2.36445968799218e-05,0.0,0.0,True,,,1,1,500,"{'bootstrap': True, 'max_depth': None, 'max_features': None, 'min_samples_leaf': 1, 'min_samples_split': 1, 'n_estimators': 500}",,,,,,,,,,,,,73
5.327173781394959,0.4175654402689767,0.04676926136016846,0.0020494718870919582,True,,,1,2,50,"{'bootstrap': True, 'max_depth': None, 'max_features': None, 'min_samples_leaf': 1, 'min_samples_split': 2, 'n_estimators': 50}",-8877.125901572179,-9020.259615418276,-8615.97485464071,-8311.243490504652,-9271.68056704529,-9020.368584621883,-9353.697247045888,-8901.446614556447,-9282.848911833777,-8477.61658204064,-8913.226236927974,335.2611135412537,9
10.61925299167633,0.3010564901894106,0.09517793655395508,0.008629740613418542,True,,,1,2,100,"{'bootstrap': True, 'max_depth': None, 'max_features': None, 'min_samples_leaf': 1, 'min_samples_split': 2, 'n_estimators': 100}",-8874.29800603743,-8917.7779017113,-8679.000114641189,-8420.862516313122,-9196.440741918237,-9008.242844520613,-9248.820715683927,-8897.453548011232,-9047.923052908773,-8468.828567612967,-8875.964800935879,265.0810164082397,5
21.294305658340456,0.48435092370606564,0.17554855346679688,0.005173696664054245,True,,,1,2,200,"{'bootstrap': True, 'max_depth': None, 'max_features': None, 'min_samples_leaf': 1, 'min_samples_split': 2, 'n_estimators': 200}",-8878.064146338142,-8893.714545736946,-8660.933175379696,-8471.596874401941,-9129.282046857847,-8942.53661943686,-9270.03689558618,-8875.615999676764,-9180.523382315961,-8391.449030998081,-8869.375271672841,275.8700951691402,4
53.60578873157501,0.7381449969464617,0.43720302581787107,0.02349485854489818,True,,,1,2,500,"{'bootstrap': True, 'max_depth': None, 'max_features': None, 'min_samples_leaf': 1, 'min_samples_split': 2, 'n_estimators': 500}",-8851.329176650044,-8904.935704602209,-8668.78164182087,-8414.71876643142,-9125.404094475842,-8912.328074855795,-9197.037517244911,-8853.138421426787,-9135.637032839479,-8409.907394925722,-8847.321782527308,264.7083155673013,2
4.716937637329101,0.4281875330843467,0.035837316513061525,0.004031284244438521,True,,,1,5,50,"{'bootstrap': True, 'max_depth': None, 'max_features': None, 'min_samples_leaf': 1, 'min_samples_split': 5, 'n_estimators': 50}",-8922.88856945946,-8951.35485225667,-8634.965335005207,-8464.175506638834,-9251.914227225876,-8989.45668276343,-9243.372837313078,-8843.872785770884,-9181.152273098482,-8506.946516217524,-8899.009958574943,273.820507099624,7
9.32244906425476,0.3868404306196689,0.06821367740631104,0.006642513448742556,True,,,1,5,100,"{'bootstrap': True, 'max_depth': None, 'max_features': None, 'min_samples_leaf': 1, 'min_samples_split': 5, 'n_estimators': 100}",-8896.95135509746,-8921.463282152383,-8650.45784479982,-8449.42750530248,-9229.45016218616,-8914.056105606192,-9257.43169272477,-8873.048214439501,-9141.473581693459,-8465.237820206112,-8879.899756420833,273.17815978043853,6
18.809245824813843,0.53113836257417,0.13250277042388917,0.006155182083625749,True,,,1,5,200,"{'bootstrap': True, 'max_depth': None, 'max_features': None, 'min_samples_leaf': 1, 'min_samples_split': 5, 'n_estimators': 200}",-8881.238577823107,-8921.683260469938,-8621.770597486466,-8419.688455023537,-9123.012919596245,-8954.147166696086,-9164.32140812397,-8890.332363804937,-9177.222398433978,-8406.06991329756,-8855.948706075582,270.73472387873096,3
46.40801417827606,0.6318762285349985,0.3298806190490723,0.027000509611031353,True,,,1,5,500,"{'bootstrap': True, 'max_depth': None, 'max_features': None, 'min_samples_leaf': 1, 'min_samples_split': 5, 'n_estimators': 500}",-8864.34107817042,-8909.955846326355,-8639.790228682037,-8407.414277443706,-9121.467712588905,-8888.443370073106,-9232.742809360254,-8841.632917410394,-9148.298726766147,-8335.044013391354,-8838.913098021269,286.10101751801324,1
0.002346444129943848,9.615832740196635e-05,0.0,0.0,True,,,2,1,50,"{'bootstrap': True, 'max_depth': None, 'max_features': None, 'min_samples_leaf': 2, 'min_samples_split': 1, 'n_estimators': 50}",,,,,,,,,,,,,73
0.0022958993911743166,4.486769714827923e-05,0.0,0.0,True,,,2,1,100,"{'bootstrap': True, 'max_depth': None, 'max_features': None, 'min_samples_leaf': 2, 'min_samples_split': 1, 'n_estimators': 100}",,,,,,,,,,,,,73
0.002297186851501465,4.645779797499052e-05,0.0,0.0,True,,,2,1,200,"{'bootstrap': True, 'max_depth': None, 'max_features': None, 'min_samples_leaf': 2, 'min_samples_split': 1, 'n_estimators': 200}",,,,,,,,,,,,,73
0.0023002147674560545,0.00019705998113377332,0.0,0.0,True,,,2,1,500,"{'bootstrap': True, 'max_depth': None, 'max_features': None, 'min_samples_leaf': 2, 'min_samples_split': 1, 'n_estimators': 500}",,,,,,,,,,,,,73
4.508954167366028,0.36917924153630016,0.03512504100799561,0.0036095366518436142,True,,,2,2,50,"{'bootstrap': True, 'max_depth': None, 'max_features': None, 'min_samples_leaf': 2, 'min_samples_split': 2, 'n_estimators': 50}",-8973.103783995875,-8996.602262873459,-8701.86125851059,-8542.644661736802,-9136.435841244776,-9022.940133377435,-9289.277377423321,-9058.384624859322,-9402.634132428639,-8593.160811443366,-8971.704488789359,269.19374622515767,16
8.960369992256165,0.39053994152352406,0.06563799381256104,0.003983552151084249,True,,,2,2,100,"{'bootstrap': True, 'max_depth': None, 'max_features': None, 'min_samples_leaf': 2, 'min_samples_split': 2, 'n_estimators': 100}",-8973.252802360026,-9048.79974155624,-8796.499583410916,-8491.527181597325,-9179.263643498825,-9012.15256195819,-9214.919387085973,-8959.710938135213,-9314.695602681222,-8498.251078006155,-8948.907252029008,266.0509646993271,14
17.940121579170228,0.6664760628080775,0.12537381649017335,0.0020289740701403707,True,,,2,2,200,"{'bootstrap': True, 'max_depth': None, 'max_features': None, 'min_samples_leaf': 2, 'min_samples_split': 2, 'n_estimators': 200}",-9000.18357182848,-9091.015902040815,-8674.626439864121,-8441.603477086635,-9154.76942556897,-9025.355950007952,-9198.755217928594,-8959.648723942204,-9304.234840542378,-8408.734612942095,-8925.892816175225,296.4661480124554,11
44.50612373352051,0.6746787348319915,0.3370227575302124,0.03923783082550411,True,,,2,2,500,"{'bootstrap': True, 'max_depth': None, 'max_features': None, 'min_samples_leaf': 2, 'min_samples_split': 2, 'n_estimators': 500}",-8935.36847702437,-9021.006557351846,-8706.912508622849,-8434.900839872218,-9124.969043705321,-9012.295434387535,-9203.014373757389,-8882.560182993338,-9261.895225844732,-8412.6414641156,-8899.556410767518,281.6595900324294,8
4.296090769767761,0.4403698881103525,0.03274526596069336,0.0020893621790709464,True,,,2,5,50,"{'bootstrap': True, 'max_depth': None, 'max_features': None, 'min_samples_leaf': 2, 'min_samples_split': 5, 'n_estimators': 50}",-8943.598403044174,-9033.27137539284,-8723.970280958287,-8501.868275370967,-9159.743825166763,-9070.588518701898,-9265.607478332897,-8939.718468376215,-9336.88362573265,-8457.357928330792,-8943.260817940749,284.4389947094533,13
8.674643540382386,0.45007519472634555,0.06393508911132813,0.0018164045270273842,True,,,2,5,100,"{'bootstrap': True, 'max_depth': None, 'max_features': None, 'min_samples_leaf': 2, 'min_samples_split': 5, 'n_estimators': 100}",-8994.795609228478,-9089.838223605951,-8748.60377146383,-8487.854910345379,-9186.644759059853,-9030.733177635933,-9237.955736843704,-8958.092071416311,-9305.589466884889,-8496.298404478526,-8953.640613096286,274.4738497947718,15
17.389248538017274,0.43729454114071614,0.13119039535522461,0.009555312441993162,True,,,2,5,200,"{'bootstrap': True, 'max_depth': None, 'max_features': None, 'min_samples_leaf': 2, 'min_samples_split': 5, 'n_estimators': 200}",-8995.104654799545,-9037.509997524801,-8750.545072747942,-8440.336025561364,-9141.050708768113,-8994.384072454763,-9261.513226897565,-8952.465488274278,-9270.969392937906,-8422.956652451585,-8926.683529241785,286.37535090889025,12
43.71236095428467,0.529777583623701,0.3202632427215576,0.017201089788091203,True,,,2,5,500,"{'bootstrap': True, 'max_depth': None, 'max_features': None, 'min_samples_leaf': 2, 'min_samples_split': 5, 'n_estimators': 500}",-8963.792828412865,-9022.978807775218,-8722.981180780738,-8456.469318545087,-9150.353331523935,-8997.790907560006,-9205.482651685415,-8943.563382657567,-9267.937420522341,-8428.383880515417,-8915.97337099786,277.48043798297056,10
0.0025542259216308595,0.0006646297431166833,0.0,0.0,True,,,4,1,50,"{'bootstrap': True, 'max_depth': None, 'max_features': None, 'min_samples_leaf': 4, 'min_samples_split': 1, 'n_estimators': 50}",,,,,,,,,,,,,73
0.0023145675659179688,5.395586804932604e-05,0.0,0.0,True,,,4,1,100,"{'bootstrap': True, 'max_depth': None, 'max_features': None, 'min_samples_leaf': 4, 'min_samples_split': 1, 'n_estimators': 100}",,,,,,,,,,,,,73
0.002284860610961914,4.67987431350974e-05,0.0,0.0,True,,,4,1,200,"{'bootstrap': True, 'max_depth': None, 'max_features': None, 'min_samples_leaf': 4, 'min_samples_split': 1, 'n_estimators': 200}",,,,,,,,,,,,,73
0.0023834705352783203,5.018515707639111e-05,0.0,0.0,True,,,4,1,500,"{'bootstrap': True, 'max_depth': None, 'max_features': None, 'min_samples_leaf': 4, 'min_samples_split': 1, 'n_estimators': 500}",,,,,,,,,,,,,73
3.9153260469436644,0.37106286171215214,0.028389859199523925,0.002128590152146961,True,,,4,2,50,"{'bootstrap': True, 'max_depth': None, 'max_features': None, 'min_samples_leaf': 4, 'min_samples_split': 2, 'n_estimators': 50}",-9373.953127343962,-9492.653748072424,-8973.533367118507,-8831.717668209425,-9441.599031680944,-9206.1729362817,-9512.47200564435,-9278.48720738096,-9649.415220523679,-8823.427389465083,-9258.343170172104,278.34759351624666,24
7.75832781791687,0.48583047351356606,0.05395815372467041,0.0014231201369751176,True,,,4,2,100,"{'bootstrap': True, 'max_depth': None, 'max_features': None, 'min_samples_leaf': 4, 'min_samples_split': 2, 'n_estimators': 100}",-9282.263383070771,-9431.410008404146,-8905.806479806766,-8796.403450794798,-9446.681661400611,-9247.29211926877,-9503.83574689874,-9229.27841208118,-9622.978840078398,-8700.180424686274,-9216.613052649045,298.66208380029724,22
15.467346787452698,0.3331068071356395,0.11208560466766357,0.010757653994686648,True,,,4,2,200,"{'bootstrap': True, 'max_depth': None, 'max_features': None, 'min_samples_leaf': 4, 'min_samples_split': 2, 'n_estimators': 200}",-9309.196606423404,-9378.149590509458,-8824.433360941028,-8752.90415217622,-9375.581030872756,-9175.139769682019,-9492.04788109144,-9210.584498049142,-9584.012144177474,-8690.535858470033,-9179.258489239297,300.6948344360825,17
38.325049543380736,0.1514389268099615,0.26020383834838867,0.006829680755706781,True,,,4,2,500,"{'bootstrap': True, 'max_depth': None, 'max_features': None, 'min_samples_leaf': 4, 'min_samples_split': 2, 'n_estimators': 500}",-9293.958934477087,-9388.207909743558,-8878.693031519582,-8746.80985106039,-9400.296061431947,-9228.794211668981,-9498.791982056928,-9227.603767445626,-9607.347534112998,-8679.856579796227,-9195.035986331332,303.33001663695757,20
3.853255367279053,0.35808274327402234,0.028951168060302734,0.002598397209582996,True,,,4,5,50,"{'bootstrap': True, 'max_depth': None, 'max_features': None, 'min_samples_leaf': 4, 'min_samples_split': 5, 'n_estimators': 50}",-9224.36904503695,-9403.982037241141,-8920.091286204206,-8797.991821695034,-9416.74516257115,-9305.899246676227,-9477.79809678475,-9260.470246208435,-9629.956995114599,-8748.534022875523,-9218.5837960408,283.97438369514066,23
7.661925315856934,0.39494182000995953,0.053564810752868654,0.0033630036266405474,True,,,4,5,100,"{'bootstrap': True, 'max_depth': None, 'max_features': None, 'min_samples_leaf': 4, 'min_samples_split': 5, 'n_estimators': 100}",-9333.287961858234,-9390.625767972968,-8905.065465673093,-8776.446049033393,-9410.38279162736,-9235.82253116682,-9451.247899281992,-9205.137247412129,-9559.20379781276,-8753.70462229436,-9202.092413413313,275.1994576033847,21
15.538931894302369,0.2516061377662287,0.11252293586730958,0.009907476417594558,True,,,4,5,200,"{'bootstrap': True, 'max_depth': None, 'max_features': None, 'min_samples_leaf': 4, 'min_samples_split': 5, 'n_estimators': 200}",-9281.322092688719,-9382.448666982507,-8876.624012857432,-8789.047585804077,-9360.34539606917,-9185.317190524187,-9501.584467511328,-9228.794379772044,-9622.305507261202,-8688.356173060522,-9191.61454725312,295.0392248249033,19
38.66714301109314,0.18444662378483356,0.2871989727020264,0.02352808229165289,True,,,4,5,500,"{'bootstrap': True, 'max_depth': None, 'max_features': None, 'min_samples_leaf': 4, 'min_samples_split': 5, 'n_estimators': 500}",-9311.568985348898,-9403.23594284515,-8849.610741972254,-8747.867406194577,-9400.247860401643,-9178.961540857015,-9487.257446947735,-9233.696047007485,-9614.03191578595,-8667.976896964932,-9189.445478432563,309.5965307371958,18
